{
  "type": "multi",
  "text": "Az alábbiakban egykor Magyarországon található városok nevét találod. Mondd meg az egyes városok mostani hivatalos nevét az országy nyelvén illetve hogy, jelenleg melyik ország területén fekszik! LOSONC",
  "answers": [
    {
      "text": "Banská Štiavnica",
      "correct": true
    },
    {
      "text": "Szlovákia",
      "correct": true
    },
    {
      "text": "Szerbia",
      "correct": false
    },
    {
      "text": "Banna Stavinja",
      "correct": false
    }
  ]
}
