{
  "type": "multi",
  "text": "Az alábbiakban egykor Magyarországon található városok nevét találod. Mondd meg az egyes városok mostani hivatalos nevét az országy nyelvén illetve hogy, jelenleg melyik ország területén fekszik! LOSONC",
  "answers": [
    {
      "text": "Fiumara",
      "correct": false
    },
    {
      "text": "Rijeka",
      "correct": true
    },
    {
      "text": "Szlovákia",
      "correct": false
    },
    {
      "text": "Horvátország",
      "correct": true
    }
  ]
}
