{
  "type": "multi",
  "text": "Az alábbiakban egykor Magyarországon található városok nevét találod. Mond meg az eggyes városok mostani hivatalos nevét az országy nyelvén, illetve hogy jelenleg melyik ország területén fekszik! FOGARAS",
  "answers": [
    {
      "text": "Făgeres",
      "correct": false
    },
    {
      "text": "Szlovákia",
      "correct": false
    },
    {
      "text": "Făgăraș",
      "correct": true
    },
    {
      "text": "Románia",
      "correct": true
    }
  ]
}
