{
    "type": "order",
    "text": "Március 15. eseményeinek a sorrendje:",
    "answers": [
        {
            "text": " Magyar Nemzeti Múzeum",
            "correct": 4
        },{
            "text": "Pilvax kávéház",
            "correct": 1
        },{
            "text": "Orvosi egyetem",
            "correct": 2
        },{
            "text": "Nemzeti Színház",
            "correct": 5
        },{
            "text": "Landerer nyomdája",
            "correct": 3
        }
    ]
    }