{
	"type": "single",
	"text":"leghosszabb időn át uralkodó dinasztia..",
	"answers":[
	{
		"text": "Jogbea Szejum",
		"correct": false
	},{
		"text": "Jekumo Amlak",
		"correct": true
	},{
		"text": "Vedem Raad",
		"correct": false
	},{
		"text": "I. Ama Szejum ",
		"correct": false
	},{
		"text": "Nevaja Kresztosz",
		"correct": false
	},{
		"text": "Nevaja Mirjám",
		"correct": false
	},{
		"text": "I. Dávid",
		"correct": false
	},{
		"text": "I. Theodorosz",
		"correct": false
	},{
		
		"text": "Izsák",
		"correct": false
	},{
		"text": "András",
		"correct": false
	}
	


	]
}