{
	"type": "single",
	"text":"Melyik a kakukktojás?",
	"answers":[
	{
		"text": "a gyermek körülmetélése",
		"correct": false
	},{
		"text": "a kereszthordozó Jézussal való találkozás",
		"correct": false
	},{
		"text": "a halál szemlélete",
		"correct": false
	},{
		"text": "a keresztről való levétel",
		"correct": false
	},{
		"text": "a mennybemenetel",
		"correct": false
	},{
		"text": "az egyiptomi menekülés",
		"correct": true
	},{
		"text": "a gyermek elmaradása a templomba",
		"correct": false
	}


	]
}