{
	"type": "single",
	"text":"Melyik a kakukktojás?",
	"answers":[
	{
		"text": "a Pheidias olympiai Zeusz-szobra",
		"correct": false
	},{
		"text": "Semiramis függőkertje",
		"correct": false
	},{
		"text": "a rhodosi kolosszus",
		"correct": false
	},{
		"text": "a Mausszoleion",
		"correct": false
	},{
		"text": "az alexandriai Phárosz világítótornya",
		"correct": false
	},{
		"text": "az epheszoszi Artemis-templom",
		"correct": false
	},{
		"text": "Antipartos epigrammaja",
		"correct": true
	}


	]
}